gene,mean_importance,sd_importance,measured_folds,appearances,percent_appearance,stability_weighted_importance
area error,0.022334241808627572,0.004394289224367906,5,1,0.2,0.004466848361725515
compactness error,0.0021875612027305656,0.000393601990370811,5,0,0.0,0.0
concave points error,0.0036457458590120747,0.0014506379493381477,5,0,0.0,0.0
concavity error,0.005746793799270519,0.0026465949497875,5,0,0.0,0.0
fractal dimension error,0.0016537070240424192,0.00038652462404781485,5,0,0.0,0.0
mean area,0.024448631370540798,0.0066756861861274235,5,1,0.2,0.00488972627410816
mean compactness,0.010230546675808663,0.0027878827946217653,5,0,0.0,0.0
mean concave points,0.04922937168433543,0.005234301391009414,5,5,1.0,0.04922937168433543
mean concavity,0.03175297970670824,0.0019730647231912114,5,5,1.0,0.03175297970670824
mean fractal dimension,0.001698020872484272,0.0008990845807975833,5,0,0.0,0.0
mean perimeter,0.02693930328588561,0.002336078410383947,5,2,0.4,0.010775721314354246
mean radius,0.02739060820564908,0.0032302501255302442,5,3,0.6,0.016434364923389448
mean smoothness,0.004468135843441706,0.001020769133129187,5,0,0.0,0.0
mean symmetry,0.0020826042500589944,0.0007061092483709772,5,0,0.0,0.0
mean texture,0.012307572474365782,0.0027625550262555844,5,0,0.0,0.0
perimeter error,0.008123716439479848,0.0010063977164015768,5,0,0.0,0.0
radius error,0.00900118287742865,0.0020198393560119593,5,0,0.0,0.0
smoothness error,0.001608513196412046,0.0006200193653941888,5,0,0.0,0.0
symmetry error,0.0018267121093095838,0.000700898320398639,5,0,0.0,0.0
texture error,0.001821727479063507,0.000766679625150636,5,0,0.0,0.0
worst area,0.05443533649343306,0.009915588978687535,5,5,1.0,0.05443533649343306
worst compactness,0.011328683620205147,0.004970599770223646,5,0,0.0,0.0
worst concave points,0.04785789263461444,0.007405368849870616,5,5,1.0,0.04785789263461444
worst concavity,0.02614134317616318,0.0037353341567954025,5,3,0.6,0.015684805905697905
worst fractal dimension,0.003546160169072782,0.0008243641693356006,5,0,0.0,0.0
worst perimeter,0.0602307581792205,0.013953507660598502,5,5,1.0,0.0602307581792205
worst radius,0.0441664211338645,0.004797085035858057,5,5,1.0,0.0441664211338645
worst smoothness,0.006791919962771252,0.0005279589067945869,5,0,0.0,0.0
worst symmetry,0.007428624999165479,0.0013859959654484502,5,0,0.0,0.0
worst texture,0.013994404551165032,0.0016904379605140894,5,0,0.0,0.0
